Agency,URL,
6192694:Career Search,https://secure6.saashr.com/ta/6192694.careers?CareersSearch=&lang=en-US,
ADAMHS Board of Cuyahoga County Job Opportunities | ADAMHS Board of Cuyahoga County,https://www.adamhscc.org/job-opportunities/system-jobs,
all,https://www.governmentjobs.com/,
Allen County | OMJ Allen County,https://ohiomeansjobs-allen-county.com/,
"Alliance, OH",https://www.cityofalliance.com/Jobs.aspx,
"Amherst, Ohio",https://amherstohio.org/employment-job-opportunities/,
Apply For A Job – Gallia County Health Department,https://galliacohealth.org/apply-for-a-job/,
Ashland,https://www.ashland-ohio.com/o/ashland/page/employment-opportunities,
Ashland County,https://www.ashlandcountyoh.us/about-ashland-county/careers,
"Ashtabula County, OH",https://www.ashtabulacounty.us/Jobs.aspx,
"Ashtabula, OH",https://www.cityofashtabula.com/employment,
Ashtubula County Health,https://ashtabulacountyhealth.com/employment-opportunities-1,
"Athens County, OH",https://www.co.athensoh.org/residents/employment/job_postings.php,
"Athens, OH",https://www.ci.athens.oh.us/480/City-of-Athens-Jobs,
Auglaize County,https://www2.auglaizecounty.org/employment-forms-and-applications,
Aurora,https://www.auroraoh.com/departments/job_openings.php,
Avon Lake,https://www.avonlake.org/human-resources/civil-services-job-listings,
Avon OH,https://www.cityofavon.com/Jobs.aspx,
Bainbridge Township,https://bainbridgetwp.com/job-postings/,
Barberton,https://www.cityofbarberton.com/departments/human-resources/current-notices-job-openings/,
"Bay Village, OH",https://www.cityofbayvillage.com/Jobs.aspx,
"Beachwood, OH",https://www.beachwoodohio.com/Jobs.aspx,
"Beavercreek, OH",https://www.beavercreekohio.gov/680/Current-Job-Openings,
Bedford Heights Ohio,https://www.bedfordheights.gov/employment/,
"Bedford, OH",https://bedfordoh.gov/employment-opportunities/,
Bellefontaine,https://www.ci.bellefontaine.oh.us/page/careers,
Belmont County,https://belmontcountycommissioners.com/employment,
"Berea, OH",https://www.cityofberea.org/Jobs.aspx,
"Bowling Green, OH",https://www.bgohio.gov/jobs.aspx,
"Brecksville, OH",https://www.brecksville.oh.us/Jobs.aspx,
"Broadview Heights, OH",https://broadview-heights.org/Jobs.aspx,
"Brook Park, Ohio",https://www.cityofbrookpark.com/category/employment-opportunities/,
Brown County Health Deapartment - Employment,https://www.browncountyhealth.org/index.php/employment,
Brown County Ohio Government Portal - News,https://www.browncountyohio.gov/index.php/news/18-job-postings,
Brunswick,https://www.brunswick.oh.us/administrative-services-and-civil-service/position-openings/,
Bucyrus,https://www.cityofbucyrusoh.us/employment-opportunities,
Butler County Board of Health,https://health.bcohio.gov/about/employment.php,
"Butler, OH",https://bcohio.gov/board_of_commissioners/job_postings.php,
"Cambridge, Ohio",https://cambridgeoh.org/employment-opportunities/,
Cambridge/Guernsey County,https://cambridgeguernseycountyhd.bamboohr.com/careers,
"Canal Winchester, OH",https://www.canalwinchesterohio.gov/157/Human-Resources,
Career & Internship Opportunities - Seneca County General Health District,https://senecahealthdept.org/about/career-internship-opportunities/,
Career Center | Recruitment,https://workforcenow.adp.com/mascsr/default/mdf/recruitment/recruitment.html?cid=8f8ee8fb-7330-40f8-bf01-26fb72c39932&ccId=19000101_000001&lang=en_US,
Career Opportunities - Defiance County General Health District,https://defiancecohealth.org/career-opportunities/,
Career Opportunities – Pike County Health Department Home Health & Hospice,https://pikecountyhealth.org/about-us/career-opportunities/,
Career Opportunities - Summit DD,https://secure10.saashr.com/ta/6084305.careers?CareersSearch=&lang=en-US,
Career Opportunities – Wood County Health Department,https://woodcountyhealth.org/career-opportunities/,
"Career Opportunities | Huron County Public Health | Huron County, Ohio",https://www.huroncohealth.com/career-opportunities,
"Career Opportunities | Ottawa County, OH",https://www.co.ottawa.oh.us/486/Career-Opportunities,
Career Opportunities | Toledo Lucas County Health Department,https://lucascountyhealth.com/about/career-opportunities/,
Career Opportunities and Contact Information - County of Summit ADM Board,https://admboard.org/about/contact-us/,
Career Opportunity - Putnam County Health Department,https://putnamhealth.com/resources/career-opportunity/,
Careers - Columbus Metropolitan Library,https://workforcenow.adp.com/mascsr/default/mdf/recruitment/recruitment.html?cid=32cd786e-c6b9-4eee-afc2-3fdbcaeb90cb&ccId=19000101_000001&type=MP&lang=en_US,
Careers – Franklin County Public Health,https://franklincounty.bamboohr.com/careers,
Careers – Lawrence County Health Department,https://lchealth.com/careers-lchd/,
Careers - Meigs County Health Department,https://meigs-health.com/careers/,
Careers – MORPC.org,https://morpc.bamboohr.com/careers,
Careers - OKI Regional Council of Governments,https://www.oki.org/careers/,
Careers – Ross County Health District,https://rosscountyhealth.org/careers/,
Careers - Stark Area Regional Transit Authority,https://www.sartaonline.com/about/careers/,
Careers | Akron-Canton Airport » Akron-Canton Airport,https://www.akroncantonairport.com/home/business/about-cak/careers/,
Careers | Belmont County Health Department,https://belmontcountyhealth.com/careers,
Careers | Clermont County Public Health,https://clermonthealthohio.gov/about/employment.php,
Careers | Dayton RTA,https://careers.greaterdaytonrta.org/application/login/login.aspx?ReturnUrl=%2f,
Careers | Medina County Health Department,https://medinahealth.org/careers/,
Careers | Metroparks Toledo,https://recruiting.paylocity.com/recruiting/jobs/All/50ddef2a-fb4d-4c2a-9b1b-89c101598c4a/Metropolitan-Park-District-of-the-Toledo-Area,
Careers | Paulding County Health Department,https://www.pauldingcountyhealth.com/careers/,
Careers | RideRTA,https://portal.gcrta.org/OA_HTML/RF.jsp?function_id=9837&resp_id=23350&resp_appl_id=800&security_group_id=0&lang_code=US&params=5209l-nMzJXauJdFW6LyoNOm4OanmaetuNsXujAvpLMJhJ4N.swu5KbNGX56TE9a,
Careers | Stark County Board of Developmental Disabilities,https://starkdd.atsondemand.com/#/,
"Careers | SWACO, OH",dayforcehcm.com/CandidatePortal/en-US/swaco,
"Careers at COTA | COTA, Central Ohio Transit Authority. Let's Go!",https://cota.applicantpro.com/jobs/,
Careers at Cuyahoga DD | Cuyahoga County Board of Developmental Disabilities,https://careers-cuyahogabdd.icims.com/jobs/search?hashed=-435682875&mobile=false&width=974&height=500&bga=true&needsRedirect=false&jan1offset=-300&jun1offset=-240;,
Careers at DML | Dayton Metro Library,https://secure7.saashr.com/ta/6202832.careers?CareersSearch=&ein_id=118929218&lang=en-US,
Careers at TARTA | Join Our Team and Drive Toledo Forward,https://tarta.com/work-with-us/careers/,
Careers at the Zanesville-Muskingum County Health Department | Join Our Public Health Team,https://www.zmchd.org/Careers/,
Careers -Metro | Providing Bus Transit for the Cincinnati Region,https://www.go-metro.com/careers/,
Celina,https://celinaohio.org/city-government/employment-with-the-city-of-celina,
"Centerville, OH",https://www.centervilleohio.gov/Jobs.aspx,
Champaign County,https://www.co.champaign.oh.us/html/employment.html,
"Chillicothe, OH",https://www.chillicotheoh.gov/our_community/employment_opportunities.php,
Circleville,https://circlevilleoh.gov/employment/,
"Clayton, OH",https://www.clayton.oh.us/Jobs.aspx,
"Cleveland Heights, OH",https://www.clevelandheights.gov/201/Human-Resources,
Clinton County Ohio,https://co.clinton.oh.us/departments/HumanResources/jobs,
ColumbianaOhio.gov,https://columbianaohio.gov/?post_type=job_listing,
"Conneaut, OH",https://conneautohio.gov/jobs/index.php,
Coshocton County,https://www.coshoctoncounty.net/employment/,
CURRENT OPENINGS – Erie County Health Department,https://eriecohealthohio.com/jobs/job-openings/,
Cuyahoga County Board of Health,https://ccbh.applicantstack.com/x/openings?template_id=3491,
Cuyahoga County Department of Human Resources,https://ccprod-lm01.cloud.infor.com:1444/lmghr/Jobs/page/JobsHomePage?csk.showusingxi=true&csk.JobBoard=EXTERNAL&csk.HROrganization=10&utm_source=Human_Resources&utm_medium=Link&utm_campaign=Primary_CTA&utm_content=Find_a_Career,
Darke County Ohio,https://www.mydarkecounty.com/resources,
Dayton,https://www.jobapscloud.com/daytonohio/,
"Defiance, OH",https://cityofdefiance.com/Jobs.aspx,
Delaware,https://jobs.delawareohio.net/jobs,
Doing Business | PARTA,https://www.partaonline.org/doing-business,
"Dover, Ohio",https://www.doverohio.com/jobs,
East Cleveland,https://www.eastcleveland.org/departments/human_resources.php,
Eastlake Ohio,https://eastlakeohio.com/job-postings/,
Elyria,https://www.cityofelyria.org/job-postings/,
Employment,https://workforcenow.adp.com/mascsr/default/mdf/recruitment/recruitment.html?cid=1f7495f2-48fb-452e-a947-43b68ffc0024&ccId=19000101_000001&type=JS&lang=en_US&selectedMenuKey=CareerCenter,
Employment - Hamilton County Public Health,https://hamiltoncountyhealth.org/employment/,
Employment – Harrison County Health Department,https://harrisonpublichealth.org/employment/,
Employment – Holmes County General Health District,https://holmeshealth.bamboohr.com/careers,
Employment – Mercer County Ohio Health District,https://mchdohio.org/administration/employment/,
Employment - Pickaway County Public Health,https://pickawaycountypublichealth.org/employment/,
Employment - Public Health - Dayton & Montgomery County,https://phdmc.mua.hrdepartment.com/hr/ats/JobSearch/viewAll,
Employment - Summit Metro Parks,https://www.summitmetroparks.org/about/employment/,
Employment – Toledo Lucas County Public Library – TLCPL,https://www.toledolibrary.org/employment/,
Employment - TUSCARAWAS COUNTY HEALTH DEPARTMENT,https://tchdnow.bamboohr.com/careers,
Employment — Vinton County Health Department,https://vintonohhealth.org/employment,
Employment | Cleveland Metroparks,https://myjobs.adp.com/cmpcareers/cx,
Employment | pcph,https://www.preblecountyhealth.org/employment,
Employment | Stow-Munroe Falls Public Library,https://www.smfpl.org/about/employment,
Employment | Toledo Metropolitan Area Council of Governments,https://tmacog.org/employment,
Employment and Volunteer — Logan County Health District,https://www.loganhealthohio.gov/employment-and-volunteer,
Employment at Marion Public Health - Marion Public Health,https://marionpublichealth.org/employment/,
Employment Opportunities,https://www.greenecophoh.gov/about/employment-opportunities,
Employment Opportunities — Champaign Health District,https://www.champaignhd.com/employment-opportunities,
Employment Opportunities – Coshocton Public Health District,https://www.coshoctoncounty.net/health/employment/,
Employment Opportunities - Darke County General Health District,https://darkecountyhealth.org/about/employment-opportunities/,
Employment Opportunities - NEFCO,https://www.nefcoplanning.org/employment-opportunities/,
Employment Opportunities – Noble County Health Department,https://noblecohd.org/employment-opportunities/,
Employment Opportunities – Warren County Health District,https://warrencohealthoh.gov/about/employment-opportunities,
Employment Opportunities | jacksonco-healthdept,https://www.jacksoncountyhealthdepartment.net/employment,
Employment Opportunities • Miami County Public Health,https://www.miamicountyhealth.net/employment-opportunities,
"Employment Opportunities at JCGHD in Steubenville, OH",https://jchealth.com/employment-opportunities/,
Employment Opportunity | Fairfield County Health Department,https://www.fairfieldhealth.org/FDH-employment-opportunity.html,
"Englewood, OH",https://www.englewood.oh.us/Jobs.aspx,
Erie County,https://www.eriecounty.oh.gov/EmploymentOpportunities.aspx,
Euclid,https://www.cityofeuclid.gov/Job_Opportunities,
"Fairfield, OH",https://www.fairfield-city.org/576/Careers,
"Fairview Park, OH",https://www.fairviewparkohio.gov/Jobs.aspx,
"Fayette County Public Health, OH",https://faycohd.org/about_us/careers.php,
"Fayette County, OH",https://www.fayette-co-oh.com/Jobs.aspx,
"Findlay, OH",https://www.findlayohio.gov/government/city-departments/human-resources-and-performance-excellence/job-openings,
"Forest Park, OH",https://www.forestpark.org/government/human_resources/job_opportunities_.php,
Fostoria,https://www.fostoriaohio.gov/jobs.aspx,
"Franklin County, Ohio",https://www.franklincountyohio.gov/County-Government/Jobs,
"Franklin, OH",https://www.franklinohio.org/i_want__to/apply_for/employment_opportunities.php,
Fremont,https://jobs.fremontohio.org/,
Fulton County Health Department | Employment Opportunities,https://fultoncountyhealthdept.com/home/employment-opportunities,
"Fulton County, OH",https://www.fultoncountyoh.com/Jobs.aspx,
"Galion, OH",https://www.galion.city/Jobs.aspx,
Gallia County,https://galliacountyjobs.com/s/government-jobs,
"Garfield Heights, OH",https://www.garfieldhts.org/Jobs.aspx,
Geauga County,https://geauga.oh.gov/job-opportunities/,
Geauga Public Health,https://www.indeed.com/cmp/Lake-County-General-Health-District/jobs,
Girard,https://cityofgirardoh.gov/jobs-open-positions/,
Grandview Heights,https://www.grandviewheights.gov/Jobs.aspx,
"Green, OH",https://www.cityofgreen.org/183/Careers,
"Greene County, OH",https://www.greenecountyohio.gov/1711/Employment-Opportunities,
"Greenville, OH",https://www.cityofgreenville.org/Jobs.aspx,
Guernsey County,https://guernseycounty.org/job-opportunities/,
"Hamilton County, OH",https://www.hamiltoncountyohio.gov/government/departments/human_resources/employment_opportunities.php,
"Hancock County, OH",https://www.co.hancock.oh.us/Jobs.aspx,
"Hancock Public Health | hancock county health department | 2225 Keith Parkway, Findlay, OH, USA",https://www.hancockph.com/,
Hardin County Ohio,https://hardincountyohio.gov/classifieds/,
Harrison County,https://www.harrisoncountyohio.gov/jobs/1014/,
"Harrison, OH",https://www.harrisonohio.gov/193/Recruitment,
Heath,https://www.heathohio.gov/employment,
Henry County,https://www.henrycountyohio.gov/Jobs.aspx?CID=99,
Henry County Health Department: Employment opportunities,https://henrycohd.org/employment-opportunities/,
Highland County Human Resources,https://co.highland.oh.us/offices/human-resources.html,
Hocking County,https://hocking.oh.gov/911/Jobs,
"Huber Heights, OH",https://www.hhoh.org/Jobs.aspx,
"Hudson, OH",https://www.hudson.oh.us/104/Human-Resources,
"Huron County, OH",https://www.huroncounty-oh.gov/departments/human_resources/employment.php,
Ironton,https://irontonohio.org/tag/jobs/,
Jackson County Ohio,https://www.jacksoncountyohio.us/employment/,
Jefferson JFS,https://jcdjfs.com/about-us/employment-opportunities/,
Job Listings - Stark Parks Jobs,https://starkparks.applicantpro.com/jobs/,
Job Openings – Clark County Combined Health District,https://ccchd.com/employment-opportunities-2/,
Job Openings | Hocking County,https://hocking.oh.gov/job-openings,
Job Opportunities,https://workforcenow.adp.com/mascsr/default/mdf/recruitment/recruitment.html?cid=6137da04-9e31-424a-959e-65ee92ddcfe7&ccId=19000101_000001&lang=en_US,
Job Opportunities - Ashland County Health Department,https://www.ashlandhealth.com/about-us/job-opportunities/,
Job Opportunities - Perry County Health Department,https://perrycountyhealth.info/job-opportunities/,
Job Opportunities | Allen County Public Health,https://www.allencountypublichealth.org/job-opportunities/,
Job Opportunities | Auglaize County Health Department,https://www.auglaizehealth.org/job-opportunities,
Job Opportunities | MVRPC,https://www.mvrpc.org/about/job-opportunities,
Job Opportunities | Ohio Morgan County Health Department,https://morganpublichealth.org/job-opportunities/,
Job Opportunities | Williams County Health Department,https://www.williamscountyhealth.org/about-us/job-opportunities/,
Jobs - Carroll County General Health District,https://carroll-lhd.org/about/employment,
Jobs | Northeast Ohio Areawide Coordinating Agency,https://www.noaca.org/about/contact-us/jobs,
"Jobs • Washington County, OH • CivicEngage",https://www.washingtongov.org/jobs.aspx,
"Join Our Team - Union County Health Department | Marysville, OH",https://uchd.net/join-our-team/#careers,
"Join Our Team - Union County Health Department | Marysville, OH",https://uchd.net/join-our-team/,
Join our Team! - Licking County Health Department,https://lickingcohealth.org/employment/,
Kent,https://www.kentohio.gov/our-government/job-opportunities/current-job-openings/,
Knox Public Health,https://kph.applicantstack.com/x/openings,
Lake,https://www.lakecountyohio.gov/commissioners-office/employment-opportunities/,
LAKE COUNTY GENERAL HEALTH DISTRICT Jobs and Careers | Indeed.com,https://www.indeed.com/cmp/Lake-County-General-Health-District/jobs,
"Lakewood, Ohio",https://workforcenow.adp.com/mascsr/default/mdf/recruitment/recruitment.html?cid=9ea7ef6a-ed6e-4d57-a664-fab1819ef6d2&ccId=19000101_000001&lang=en_US,
"Lancaster, OH",https://www.lancasterohio.gov/jobs.aspx,
"Lawrence County, Ohio",https://lawrencecounty.org/tag/hiring/,
"Lebanon, OH",https://lebanonohio.gov/i_want_to/apply_for_obtain/employment_opportunities/index.php,
Licking County - Job Openings,https://lickingcounty.gov/depts/human/jobs.htm,
"Lima, OH",https://www.limaohio.gov/Jobs.aspx,
"Logan County, Ohio",https://www.logancountyohio.gov/employment-opportunities.html,
London,https://www.londonohio.gov/page/job-opportunities,
Lorain County Health,https://loraincountyhealth.bamboohr.com/careers,
"Lorain County, OH",https://www.loraincountyohio.gov/303/Human-Resources---Career-Opportunities,
"Lorain, OH",https://www.cityoflorain.org/488/Current-Opportunities,
"Louisville, OH",https://www.louisvilleohio.gov/Jobs.aspx,
"Loveland, OH",https://lovelandoh.gov/Jobs.aspx,
Lucas County Department of Job & Family Services,https://workforlucascounty.com/,
Lyndhurst,https://www.lyndhurstohio.gov/page/employment-opportunities,
Macedonia,https://macedonia.isolvedhire.com/jobs/,
"Madeira, Ohio",https://www.madeiracity.com/community/employment/index.php,
"Madison County, OH",https://www.co.madison.oh.us/departments/human_resources/employment.php,
Mahoning County Public Health,https://www.mahoninghealth.org/careers/,
"Mahoning County, OH",https://www.mahoningcountyoh.gov/Jobs.aspx,
Maple Heights,https://mapleheightsohio.gov/government/departments/human-resources/,
Marietta,https://www.mariettaoh.net/how_do_i/apply_for_obtain/marietta_city_employment.php,
"Marion County, OH",https://www.co.marion.oh.us/job_openings.php,
"Marion, OH",https://marionoh.applicantstack.com/x/openings,
Massillon,https://massillonohio.gov/jobs/,
Maumee,https://oh-maumee.civicplus.com/Jobs.aspx,
"Mayfield Heights, OH",https://www.mayfieldheightsohio.gov/Jobs.aspx,
"Medina County, Ohio",https://www.medinaco.org/hr/employment/,
Medina Ohio,https://medinaoh.org/job-opportunities,
"Mentor, Ohio",https://cityofmentor.com/about-mentor/employment-opportunities/,
"Mercer County Open Positions - Official Mercer County, Ohio Government Website",https://www.mercercountyohio.gov/careers/mercer-county-open-positions/,
METRO Careers - Akron Metro,https://www.yourmetrobus.org/metro-jobs.aspx,
"Miami County, OH",https://www.co.miami.oh.us/333/Job-Opportunities,
"Miamisburg, OH",https://cityofmiamisburg.com/employment-opportunities/,
Middleburg Heights,https://middleburgheights.com/employment-opportunities/,
"Middletown, OH",https://www.cityofmiddletown.org/Jobs.aspx,
"Monroe County, OH",https://www.monroecountyohio.net/departments/health_department/job_postings.php,
"Montgomery County, OH",https://www.mcohio.org/276/Job-Opportunities,
"Montgomery, Ohio",https://www.montgomeryohio.gov/jobs/,
"Morrow County Health District | Love Life, Live Healthy",https://www.morrowcountyhealth.org/about_us/employment_opportunities/index.php,
"Morrow County, OH",https://www.morrowcountyohio.gov/how_do_i_/apply_for___obtain/employment_opportunities.php,
"Mount Vernon, OH",https://www.mtvernonoh.gov/Jobs.aspx,
Muskingum County,https://www.muskingumcountyoh.gov/Agencies/Human-Resources/,
"Napoleon, Ohio",https://www.napoleonohio.com/departments/human-resources,
"New Franklin, OH",https://www.newfranklin.org/Jobs.aspx?CID=98,
New Philadelphia Ohio,http://www.newphilaoh.com/Job-Opportunities,
Niles,https://secure4.saashr.com/ta/6076196.careers?CareersSearch,
"North Canton, OH",https://northcantonohio.gov/Jobs.aspx?CID=100,
"North College Hill, OH",https://www.northcollegehill.org/Jobs.aspx,
North Olmsted,https://www.north-olmsted.com/departments/human_resources/careers_and_employment_opportunities/job_opening.php,
North Ridgeville,https://www.nridgeville.org/JobOpenings.aspx,
"North Royalton, OH",https://northroyalton.gov/how_do_i/apply_for_obtain/employment_opportunities.php,
"Norton, OH",https://www.cityofnorton.org/Jobs.aspx,
"Norwalk, Ohio",https://www.norwalkoh.com/job-postings,
"Norwood, OH",https://www.norwood-ohio.com/Jobs.aspx,
Oakwood,https://oakwoodohio.gov/employment-opportunities/,
ohio state jobs,https://dasstateoh.taleo.net/careersection/oh_ext/jobsearch.ftl?lang=en,
Opportunities - Port of Cleveland,https://www.portofcleveland.com/opportunities/,
"Oregon, Ohio",https://oregonohio.org/residents/job-opportunities/,
Osnaburg Township,https://osnaburgtwp.com/employment/,
Ottawa Health,https://ottawahealth.org/jobs.aspx?CommunityJobs=False&CatID=Employment-Opportunities-98,
"Painesville, OH",https://www.painesville.com/employment,
Parma,https://parma.cloud9.innoprise.com/citizenaccess/,
Parma Heights,https://parmaheightsoh.gov/human-resources/,
"Pataskala, OH",https://www.cityofpataskalaohio.gov/city-of-pataskala-careers,
"Paulding County, GA",https://www.paulding.gov/Jobs.aspx,
"Perry County, Ohio",https://perrycountyohio.gov/people/job-opportunities/,
Perrysburg,https://www.governmentjobs.com/careers/perrysburg,
"Pickaway County, Ohio - Employment Opportunities",https://pickawaycountyohio.gov/employment/index.html,
"Piqua, OH",https://www.piquaoh.org/Jobs.aspx,
Portage County Health District,https://portagehealth.net/about-us/employment-opportunity/,
Portage County OH,https://secure7.saashr.com/ta/6211338.careers?CareersSearch=&lang=en-US,
Portsmouth Ohio,https://portsmouthohio.org/job-openings/,
Powell,https://www.cityofpowell.us/About-Us/Careers,
"Preble County, OH",https://www.prebco.org/237/Employment-Opportunities,
Public Health Careers | Shelby City Health Department,https://shelbycityhealth.org/career-opportunities/,
Putnam County Ohio,https://putnamcountyohio.gov/career-opportunities/,
"Ravenna, Ohio",https://www.ravennaoh.gov/departments/human-resources/employment/,
Recovery Services Careers - Apply Today | StarkMHAR,https://starkmhar.org/job-board/,
"Reynoldsburg, OH",https://www.reynoldsburg.gov/Jobs.aspx,
Richland County Ohio - Current Job Postings,https://www.richlandcountyoh.gov/jobs,
"Richmond Heights, OH",https://www.richmondheightsohio.org/Jobs.aspx,
"Rocky River, Ohio",https://www.rockyriverohio.gov/human-resources#employment,
Ross County Ohio,https://www.rosscountyohio.gov/engineer/job-openings.html,
Salem,https://cityofsalemohio.org/jobs/,
"Sandusky County, Ohio - Employment",https://sanduskycountyoh.gov/index.php?page=links,
"Sandusky, OH",https://secure10.saashr.com/ta/6087292.careers?CareersSearch,
SC Public Health | Career Opportunities,https://www.scpublichealth.com/career,
"SCIOTO COUNTY HEALTH DEPARTMENT, OH",https://sciotocountyhealth.com/administration/employment_opportunities.php,
"Scioto County, Ohio!",https://www.sciotocountyoh.com/,
Seneca County,https://senecacountyohio.gov/jobs/,
"Shaker Heights, OH",https://www.shakerheightsoh.gov/Jobs.aspx,
Sharonville,https://workforcenow.adp.com/mascsr/default/mdf/recruitment/recruitment.html?cid=a352508a-dd9d-4c95-95d2-31e16f59a205&ccId=19000101_000001&lang=en_US,
Sheffield Lake Ohio,https://www.sheffieldlake.net/category/job-openings/,
"Shelby, Ohio",https://shelbycity.oh.gov/contact/employment/,
"Sidney, OH",https://www.sidneyoh.com/Jobs.aspx,
Sidney-Shelby County Health Department | Employment Postings,https://shelbycountyhealthdept.org/employment-postings/,
"Solon, OH",https://www.solonohio.gov/jobs.aspx,
"South Euclid, Ohio",https://cityofsoutheuclid.com/jobs/,
"Springboro, OH",https://www.cityofspringboro.com/Jobs.aspx,
"Springdale, ohio",https://recruiting.paylocity.com/recruiting/jobs/All/da107379-47a6-4414-b584-c12fd7a12479/City-of-Springdale,
"Stark County, Ohio",https://www.starkcountyohio.gov/i_want_to/apply_for/employment.php,
"Stark County, Ohio",https://www.starkcountyohio.gov/i_want_to/apply_for/employment.php,
Steubenville,https://www.cityofsteubenville.us/services/employment_opportunities.php,
"Streetsboro, OH",https://www.cityofstreetsboro.com/local-job-opportunity/,
Strongsville,https://www.strongsville.org/departments/parks-recreation/employment-opportunities,
"Struthers, Ohio",https://www.cityofstruthers.com/employment.html,
"Summit County, Ohio",https://summitcountyoh.munisselfservice.com/ess/employmentopportunities/default.aspx,
"Sunbury, OH",https://sunburyohio.org/Jobs.aspx,
Sylvania,https://www.cityofsylvania.com/government/employment/open-positions/,
"Tallmadge, OH",https://www.tallmadgeoh.gov/Jobs.aspx,
Tiffin,https://www.tiffinohio.gov/employment,
"Tipp City, OH",https://www.tippcityohio.gov/Jobs.aspx,
"Trenton, OH",https://trentonoh.gov/Jobs.aspx,
"Trotwood, Ohio",https://trotwood.org/human-resources/employment/,
"Troy, OH",https://troyohio.gov/Jobs.aspx,
Trumbull County,https://trumbullcountygcc.sharepoint.com/sites/Public/Human%20Resources/Forms/AllItems.aspx?id=%2Fsites%2FPublic%2FHuman%20Resources%2FJob%20Postings&p=true&ga=1,
Tuscarawas County Ohio,https://www.co.tuscarawas.oh.us/government/human_resources_county_administration/employment_opportunities.php,
"University Heights, Ohio",https://www.universityheights.com/employment/,
"Upper Arlington, OH",https://www.upperarlingtonoh.gov/Jobs.aspx,
"Urbana, Ohio",https://www.urbanaohio.com/job-opportunities.html,
"Van Wert, Ohio",https://vanwert.org/employment/,
"Vandalia, OH",https://vandaliaohio.org/422/Employment-Opportunities,
Vermilion,https://www.cityofvermilionohio.gov/2025-Main-Menu-Folder/2025-City-Hall/2025-Human-Resources/Job-Openings,
"Wadsworth, OH",https://www.wadsworthcity.com/Jobs.aspx,
Wapakoneta,https://www.wapakoneta.net/page/employment-opportunities,
Warren County Ohio - The Incredible County,https://www.warrencountyohio.gov/Jobs/,
"Warren, OH",https://www.warren.org/human_resources_department/employment.php,
"Warrensville Heights, OH",https://cityofwarrensville.com/Jobs.aspx,
"Washington County, Oh",https://www.washingtongov.org/Jobs.aspx,
"Washington Court House, OH",https://www.cityofwch.com/Jobs.aspx,
Wayne County Health Department,https://www.wayne-health.org/job-openings,
Wayne County Ohio,https://www.wayneohio.org/employment-opportunities/,
Welcome to Athens City County Health Department,https://www.athenspublichealth.org/get_more_help/employment.php,
"Welcome to Madison County, OH",https://co.madison.oh.us/services/public_health/employment.php,
"Welcome to Monroe County, OH",https://www.monroecountyohio.com/departments/health_department/job_postings.php,
West Carrollton,https://www.westcarrollton.org/jobs/,
"West Chester Township, OH",https://westchestertownshipoh.applytojob.com/,
Westlake,https://www.cityofwestlake.org/o/cw/page/jobs,
"Wickliffe, OH",https://www.cityofwickliffe.com/208/Employment-Opportunities,
"Williams County, OH",https://www.williamscountyoh.gov/Jobs.aspx,
Willoughby Hills,https://www.willoughbyhills-oh.gov/departments/services/employment_opportunities.php,
"Willoughby, Ohio",https://willoughbyohio.com/employment/,
Wood County Health Department,https://woodcountyhealth.org/career-opportunities/,
Wooster Ohio,https://www.woosteroh.com/human-resources/careers,
Working at the Library | Cincinnati & Hamilton County Public Library,newton.newtonsoftware.com/career/CareerHome.action?clientId=8a78826755712ad4015573d869f00055,
Working at the Library | Cincinnati & Hamilton County Public Library,https://recruitingbypaycor.com/career/CareerHome.action?clientId=8a78826755712ad4015573d869f00055,
Working with Cleveland Public Library - Cleveland Public Library,https://careers.cpl.org/search/jobs,
"Worthington, OH",https://www.worthington.org/Jobs.aspx,
"Wyandot County, OH",https://www.co.wyandot.oh.us/349/Job-Openings,
"Xenia, OH",https://www.cityofxenia.org/o/xeniacity/page/job-opportunities,
,,
,,
,,
,,
,,
,,
,,
,,
,,
,,
,,
,,
,,
,,
,,
,,
,,
,,
,,
,,
,,
,,
,,
,,
,,
,,
,,
,,
,,
,,
,,
,,
,,
,,
,,
,,
,,
,,
,,
,,
,,
,,
,,
,,
,,
,,
,,
,,
,,
,,
,,
,,
,,
,,
,,
,,
,,
,,
,,
,,
,,
,,
,,
,,
,,
,,
,,
,,
,,
,,
,,
,,
,,
,,
,,
,,
,,
,,
,,
,,
,,
,,
,,
,,
